<?xml version="1.0" encoding="utf-8"?>
<project>
	
	<app title="MageEscape" file="MageEscape" main="Main" version="0.0.1"/>
	
	<window width="640" height="480" fps="60" background="0x000000" orientation="portrait" resizable="true" if="flash" />
	<window width="640" height="480" fps="60" background="0x000000" orientation="landscape" hardware="true" unless="flash" />
 	
	<classpath name="source" />
	
	<haxelib name="openfl" />
	<haxelib name="flixel" />
	
	<assets path="assets" if="android" >
		<sound path="data/beep.wav" id="Beep" />
	</assets>
	
	<assets path="assets" if="desktop" >
		<sound path="data/beep.wav" id="Beep" />
	</assets>
	
	<assets path="assets" if="flash" >
		<sound path="data/beep.mp3" id="Beep" />
	</assets>
	
	<assets path="assets" exclude="*.wav" if="flash" />
	<assets path="assets" unless="flash" />
	
	<icon name="assets/haxeflixel.svg" />
	
	<compilerflag name="-swf-lib sion065.swc"/>
	
</project>